<?xml version="1.0" encoding="UTF-8"?>
<project-private xmlns="http://www.netbeans.org/ns/project-private/1">
    <editor-bookmarks xmlns="http://www.netbeans.org/ns/editor-bookmarks/2" lastBookmarkId="0"/>
    <open-files xmlns="http://www.netbeans.org/ns/projectui-open-files/2">
        <group>
            <file>file:/Users/Marco/Programming/CS-Spring-2018/CS-Spring-2018/CS%20363/Lab%203/PendMain/src/pendmain/Pendulum.java</file>
            <file>file:/Users/Marco/Programming/CS-Spring-2018/CS-Spring-2018/CS%20363/Lab%203/PendMain/src/pendmain/PendulumList.java</file>
            <file>file:/Users/Marco/Programming/CS-Spring-2018/CS-Spring-2018/CS%20363/Lab%203/PendMain/src/pendmain/View.java</file>
            <file>file:/Users/Marco/Programming/CS-Spring-2018/CS-Spring-2018/CS%20363/Lab%203/PendMain/src/pendmain/Controller.java</file>
            <file>file:/Users/Marco/Programming/CS-Spring-2018/CS-Spring-2018/CS%20363/Lab%203/PendMain/src/pendmain/EvenBetterFrame.java</file>
            <file>file:/Users/Marco/Programming/CS-Spring-2018/CS-Spring-2018/CS%20363/Lab%203/PendMain/src/pendmain/PendMain.java</file>
            <file>file:/Users/Marco/Programming/CS-Spring-2018/CS-Spring-2018/CS%20363/Lab%203/PendMain/src/pendmain/Model.java</file>
        </group>
    </open-files>
</project-private>
